onset	duration	trial_type
21.1658333333333	0	5
23.1758333333333	0	25
24.225	0	121
24.5416666666667	0	109
28.1341666666667	0	121
30.4425	0	109
32.585	0	121
33.1016666666667	0	109
34.71	0	121
35.41	0	109
38.1883333333333	0	5
40.1858333333333	0	25
41.4191666666667	0	109
41.8608333333333	0	121
43.6691666666667	0	109
44.1025	0	121
46.22	0	109
46.2533333333333	0	121
48.67	0	109
48.8616666666667	0	121
52.3208333333333	0	109
55.1891666666667	0	7
57.1875	0	27
58.4791666666667	0	113
58.5208333333333	0	117
62.0716666666667	0	113
64.0883333333333	0	117
64.13	0	113
66.8891666666667	0	117
67.1475	0	113
69.4891666666667	0	117
69.6141666666667	0	113
72.1916666666667	0	7
74.19	0	27
75.5316666666667	0	113
76.2066666666667	0	117
78.4658333333333	0	113
78.7408333333333	0	117
80.8241666666667	0	113
81.5075	0	117
83.0075	0	113
83.85	0	117
86.3166666666667	0	113
89.1958333333333	0	1
91.2	0	21
92.4091666666667	0	101
93.5591666666667	0	129
95.3258333333333	0	101
96.1258333333333	0	129
98.5266666666667	0	101
100.551666666667	0	129
101.051666666667	0	101
103.4775	0	129
103.594166666667	0	101
106.204166666667	0	4
108.2025	0	24
109.4275	0	106
109.485833333333	0	126
112.336666666667	0	106
114.953333333333	0	126
117.2875	0	106
117.8625	0	126
119.654166666667	0	106
120.020833333333	0	126
123.215833333333	0	3
125.213333333333	0	23
126.671666666667	0	105
126.78	0	125
129.505833333333	0	105
129.864166666667	0	125
131.5975	0	105
132.430833333333	0	125
133.855833333333	0	105
134.489166666667	0	125
136.915	0	105
140.216666666667	0	4
142.215833333333	0	24
143.765833333333	0	106
144.2325	0	126
146.824166666667	0	106
149.6	0	126
151.925	0	106
154.075	0	126
154.650833333333	0	106
157.219166666667	0	1
159.2175	0	21
161.143333333333	0	101
161.268333333333	0	129
163.851666666667	0	101
164.151666666667	0	129
166.5525	0	101
169.169166666667	0	129
171.3525	0	101
171.7025	0	129
174.231666666667	0	7
176.236666666667	0	27
177.995	0	117
178.653333333333	0	113
180.3125	0	117
180.904166666667	0	113
182.7375	0	117
183.445833333333	0	113
185.129166666667	0	117
185.745833333333	0	113
188.38	0	117
191.24	0	2
193.239166666667	0	22
194.455833333333	0	102
194.5475	0	130
197.389166666667	0	102
199.698333333333	0	130
199.84	0	102
202.49	0	130
202.615	0	102
204.923333333333	0	130
205.5075	0	102
208.2425	0	8
210.241666666667	0	28
211.966666666667	0	114
212.45	0	118
214.708333333333	0	114
217.35	0	118
219.9425	0	114
220.050833333333	0	118
221.9675	0	114
222.5925	0	118
225.245833333333	0	2
227.251666666667	0	22
228.335	0	102
228.426666666667	0	130
233.3525	0	102
233.7275	0	130
236.469166666667	0	102
237.185833333333	0	130
239.253333333333	0	102
239.728333333333	0	130
242.255833333333	0	3
244.253333333333	0	23
245.8625	0	125
246.170833333333	0	105
248.379166666667	0	125
248.445833333333	0	105
251.063333333333	0	125
251.596666666667	0	105
253.863333333333	0	125
256.214166666667	0	105
259.266666666667	0	1
261.264166666667	0	21
262.964166666667	0	101
263.055833333333	0	129
265.656666666667	0	101
267.798333333333	0	129
270.765833333333	0	101
273.265833333333	0	129
276.2675	0	5
278.266666666667	0	25
280.233333333333	0	109
280.425	0	121
282.809166666667	0	109
283.059166666667	0	121
284.934166666667	0	109
285.6175	0	121
287.809166666667	0	109
287.8925	0	121
289.843333333333	0	109
290.351666666667	0	121
293.270833333333	0	4
295.268333333333	0	24
296.8275	0	106
297.110833333333	0	126
299.769166666667	0	106
300.094166666667	0	126
302.261666666667	0	106
302.361666666667	0	126
304.653333333333	0	106
304.861666666667	0	126
307.711666666667	0	106
310.273333333333	0	3
312.270833333333	0	23
313.9875	0	125
314.479166666667	0	105
316.921666666667	0	125
318.863333333333	0	105
319.296666666667	0	125
321.155833333333	0	105
322.230833333333	0	125
323.630833333333	0	105
324.505833333333	0	125
327.273333333333	0	1
329.273333333333	0	21
331.048333333333	0	129
331.456666666667	0	101
333.365833333333	0	129
333.681666666667	0	101
336.6075	0	129
338.399166666667	0	101
339.115833333333	0	129
341.466666666667	0	101
341.541666666667	0	129
344.276666666667	0	4
346.275	0	24
348.284166666667	0	106
348.300833333333	0	126
350.775833333333	0	106
350.9425	0	126
353.076666666667	0	106
353.668333333333	0	126
356.226666666667	0	106
358.16	0	126
358.501666666667	0	106
371.031666666667	0	8
373.029166666667	0	28
374.6975	0	118
375.220833333333	0	114
376.920833333333	0	118
377.7875	0	114
379.638333333333	0	118
380.038333333333	0	114
381.746666666667	0	118
382.655	0	114
384.571666666667	0	118
385.455	0	114
388.030833333333	0	3
390.030833333333	0	23
391.555833333333	0	125
391.730833333333	0	105
393.656666666667	0	125
394.231666666667	0	105
396.373333333333	0	125
397.34	0	105
399.1575	0	125
399.624166666667	0	105
402.324166666667	0	125
402.515833333333	0	105
405.0525	0	8
407.058333333333	0	28
409.116666666667	0	118
409.3	0	114
411.5925	0	118
411.9175	0	114
413.875833333333	0	118
414.384166666667	0	114
416.7675	0	118
419.335	0	114
422.060833333333	0	8
424.06	0	28
425.110833333333	0	114
425.669166666667	0	118
427.7025	0	114
427.9525	0	118
430.461666666667	0	114
430.911666666667	0	118
432.995	0	114
436.203333333333	0	118
436.3625	0	114
439.064166666667	0	5
441.0625	0	25
442.095833333333	0	109
442.5375	0	121
444.621666666667	0	109
445.163333333333	0	121
447.413333333333	0	109
450.255833333333	0	121
453.405833333333	0	109
456.0675	0	5
458.065	0	25
459.831666666667	0	109
460.04	0	121
462.890833333333	0	109
464.4325	0	121
465.1575	0	109
466.8825	0	121
467.949166666667	0	109
469.525	0	121
470.458333333333	0	109
473.068333333333	0	7
475.066666666667	0	27
477.059166666667	0	117
477.225833333333	0	113
480.0175	0	117
482.226666666667	0	113
482.301666666667	0	117
484.851666666667	0	113
486.885	0	117
486.968333333333	0	113
490.071666666667	0	7
492.069166666667	0	27
493.319166666667	0	113
493.669166666667	0	117
496.02	0	113
496.986666666667	0	117
499.22	0	113
501.3625	0	117
501.979166666667	0	113
504.079166666667	0	117
504.479166666667	0	113
507.073333333333	0	1
509.071666666667	0	21
510.546666666667	0	129
510.905	0	101
514.005833333333	0	129
514.030833333333	0	101
516.364166666667	0	129
518.930833333333	0	101
520.923333333333	0	129
521.173333333333	0	101
524.075	0	6
526.073333333333	0	26
527.7825	0	122
528.340833333333	0	110
530.224166666667	0	122
530.615833333333	0	110
532.641666666667	0	122
532.675	0	110
535.575	0	122
538.2	0	110
538.4	0	122
541.078333333333	0	7
543.084166666667	0	27
544.2175	0	117
545.0425	0	113
547.035	0	117
547.526666666667	0	113
549.835	0	117
550.501666666667	0	113
552.001666666667	0	117
552.719166666667	0	113
555.335833333333	0	117
555.4525	0	113
558.0875	0	7
560.086666666667	0	27
561.353333333333	0	117
561.811666666667	0	113
563.87	0	117
564.92	0	113
566.904166666667	0	117
567.2875	0	113
569.2375	0	117
570.0125	0	113
571.304166666667	0	117
572.021666666667	0	113
575.09	0	8
577.096666666667	0	28
578.214166666667	0	114
579.180833333333	0	118
581.130833333333	0	114
581.655833333333	0	118
583.8975	0	114
584.164166666667	0	118
585.906666666667	0	114
587.015	0	118
589.523333333333	0	114
592.103333333333	0	6
594.099166666667	0	26
595.174166666667	0	122
596.0325	0	110
597.375	0	122
598.45	0	110
599.7	0	122
601.083333333333	0	110
603.934166666667	0	122
606.2425	0	110
606.5425	0	122
609.1025	0	1
611.100833333333	0	21
613.168333333333	0	101
613.368333333333	0	129
615.335	0	101
615.568333333333	0	129
617.660833333333	0	101
618.269166666667	0	129
620.944166666667	0	101
623.295	0	129
626.105833333333	0	8
628.111666666667	0	28
629.3375	0	114
630.2875	0	118
632.770833333333	0	114
634.620833333333	0	118
635.0625	0	114
637.013333333333	0	118
637.28	0	114
639.505	0	118
643.115	0	2
645.114166666667	0	22
646.3475	0	130
646.455833333333	0	102
649.356666666667	0	130
649.59	0	102
651.548333333333	0	130
652.573333333333	0	102
653.948333333333	0	130
654.99	0	102
656.199166666667	0	130
657.365833333333	0	102
660.1175	0	1
662.115833333333	0	21
663.158333333333	0	129
664.183333333333	0	101
665.791666666667	0	129
666.758333333333	0	101
668.3925	0	129
669.400833333333	0	101
671.125833333333	0	129
672.0425	0	101
673.650833333333	0	129
674.100833333333	0	101
677.1225	0	6
679.118333333333	0	26
680.268333333333	0	110
680.735	0	122
682.9525	0	110
684.0275	0	122
685.4775	0	110
686.1275	0	122
688.445	0	110
688.87	0	122
690.478333333333	0	110
690.92	0	122
694.121666666667	0	3
696.120833333333	0	23
698.1375	0	125
698.354166666667	0	105
701.013333333333	0	125
703.088333333333	0	105
703.096666666667	0	125
705.771666666667	0	105
706.021666666667	0	125
707.864166666667	0	105
708.364166666667	0	125
726.344166666667	0	5
728.3425	0	25
729.676666666667	0	121
730.708333333333	0	109
731.691666666667	0	121
733.266666666667	0	109
733.7925	0	121
735.750833333333	0	109
736.459166666667	0	121
738.109166666667	0	109
738.525833333333	0	121
740.26	0	109
743.343333333333	0	2
745.343333333333	0	22
746.7525	0	102
747.660833333333	0	130
749.1275	0	102
750.2525	0	130
751.769166666667	0	102
752.585833333333	0	130
754.62	0	102
754.636666666667	0	130
757.561666666667	0	102
757.753333333333	0	130
760.346666666667	0	2
762.345833333333	0	22
763.554166666667	0	102
764.279166666667	0	130
765.705	0	102
766.338333333333	0	130
768.605	0	102
769.771666666667	0	130
772.164166666667	0	102
772.2975	0	130
774.680833333333	0	102
774.8225	0	130
777.348333333333	0	8
779.348333333333	0	28
781.073333333333	0	118
781.09	0	114
783.765	0	118
783.998333333333	0	114
786.615833333333	0	118
788.2825	0	114
788.815833333333	0	118
790.499166666667	0	114
791.7	0	118
794.351666666667	0	6
796.35	0	26
797.850833333333	0	122
798.309166666667	0	110
801.059166666667	0	122
803.543333333333	0	110
803.709166666667	0	122
806.076666666667	0	110
808.185	0	122
808.826666666667	0	110
811.363333333333	0	1
813.369166666667	0	21
814.6525	0	101
815.285833333333	0	129
818.236666666667	0	101
820.086666666667	0	129
820.52	0	101
822.186666666667	0	129
823.070833333333	0	101
825.070833333333	0	129
825.8125	0	101
828.3725	0	1
830.370833333333	0	21
831.621666666667	0	101
832.58	0	129
834.53	0	101
834.805	0	129
836.9475	0	101
837.3475	0	129
840.189166666667	0	101
841.973333333333	0	129
842.365	0	101
845.375	0	7
847.373333333333	0	27
848.940833333333	0	113
849.224166666667	0	117
852.015833333333	0	113
854.790833333333	0	117
856.883333333333	0	113
857.183333333333	0	117
859.433333333333	0	113
859.8	0	117
862.379166666667	0	1
864.375833333333	0	21
865.7925	0	101
866.5425	0	129
868.843333333333	0	101
869.085	0	129
870.868333333333	0	101
871.351666666667	0	129
873.36	0	101
873.576666666667	0	129
876.0775	0	101
876.119166666667	0	129
879.379166666667	0	8
881.3775	0	28
882.603333333333	0	114
882.903333333333	0	118
885.486666666667	0	114
885.995	0	118
888.7875	0	114
890.3625	0	118
891.179166666667	0	114
893.638333333333	0	118
896.381666666667	0	5
898.38	0	25
899.805	0	121
900.4975	0	109
903.0475	0	121
903.055833333333	0	109
905.6225	0	121
907.465	0	109
908.34	0	121
910.306666666667	0	109
910.823333333333	0	121
913.385	0	8
915.3825	0	28
916.674166666667	0	114
917.524166666667	0	118
919.440833333333	0	114
919.725	0	118
921.625	0	114
922.7	0	118
924.741666666667	0	114
925.308333333333	0	118
927.0425	0	114
927.725833333333	0	118
930.385833333333	0	7
932.384166666667	0	27
933.735	0	113
934.043333333333	0	117
936.36	0	113
938.526666666667	0	117
938.701666666667	0	113
940.7275	0	117
941.5775	0	113
944.8525	0	117
947.386666666667	0	5
949.390833333333	0	25
951.361666666667	0	121
951.686666666667	0	109
954.265	0	121
956.195833333333	0	109
956.495833333333	0	121
959.288333333333	0	109
960.863333333333	0	121
961.68	0	109
964.391666666667	0	7
966.389166666667	0	27
967.614166666667	0	117
968.289166666667	0	113
970.923333333333	0	117
971.015	0	113
973.856666666667	0	117
976.04	0	113
976.306666666667	0	117
978.340833333333	0	113
978.565833333333	0	117
981.3925	0	7
983.390833333333	0	27
985.191666666667	0	117
985.316666666667	0	113
988.008333333333	0	117
989.816666666667	0	113
990.2425	0	117
992.3925	0	113
994.800833333333	0	117
998.404166666667	0	5
1000.40166666667	0	25
1001.76833333333	0	109
1002.36833333333	0	121
1004.59416666667	0	109
1005.11083333333	0	121
1007.1775	0	109
1007.8525	0	121
1009.91916666667	0	109
1010.295	0	121
1012.86166666667	0	109
1015.40583333333	0	3
1017.40333333333	0	23
1019.22083333333	0	125
1019.77083333333	0	105
1021.45416666667	0	125
1022.23	0	105
1024.34666666667	0	125
1027.24666666667	0	105
1029.32166666667	0	125
1029.33083333333	0	105
1032.4075	0	6
1034.40583333333	0	26
1035.44833333333	0	110
1036.50666666667	0	122
1038.14833333333	0	110
1038.89833333333	0	122
1040.415	0	110
1041.08166666667	0	122
1042.735	0	110
1043.91583333333	0	122
1046.69916666667	0	110
1049.41083333333	0	8
1051.40833333333	0	28
1053.38333333333	0	118
1053.65833333333	0	114
1055.63416666667	0	118
1056.17583333333	0	114
1057.8425	0	118
1058.6175	0	114
1060.9175	0	118
1063.55166666667	0	114
1074.89833333333	0	6
1076.89583333333	0	26
1078.91333333333	0	122
1079.245	0	110
1081.32083333333	0	122
1081.69583333333	0	110
1084.15416666667	0	122
1086.67916666667	0	110
1088.53	0	122
1089.09666666667	0	110
1091.89916666667	0	6
1093.89666666667	0	26
1095.18083333333	0	122
1095.51416666667	0	110
1098.6475	0	122
1100.53166666667	0	110
1101.265	0	122
1103.415	0	110
1103.44	0	122
1106.33166666667	0	110
1108.90083333333	0	8
1110.89916666667	0	28
1112.12416666667	0	114
1112.9325	0	118
1115.68333333333	0	114
1118.00833333333	0	118
1118.26666666667	0	114
1120.5675	0	118
1120.6275	0	114
1123.0175	0	118
1125.90333333333	0	2
1127.90166666667	0	22
1129.61833333333	0	130
1129.82666666667	0	102
1131.785	0	130
1132.11	0	102
1134.13583333333	0	130
1134.3025	0	102
1136.26083333333	0	130
1136.6525	0	102
1138.66083333333	0	130
1140.35333333333	0	102
1142.90583333333	0	8
1144.91166666667	0	28
1145.97	0	114
1146.3125	0	118
1148.0125	0	114
1149.3875	0	118
1150.8875	0	114
1151.5875	0	118
1154.39666666667	0	114
1156.43833333333	0	118
1156.89666666667	0	114
1159.915	0	4
1161.91416666667	0	24
1163.10583333333	0	106
1164.00583333333	0	126
1165.40583333333	0	106
1166.79	0	126
1168.82333333333	0	106
1169.215	0	126
1170.915	0	106
1171.28166666667	0	126
1173.5575	0	106
1173.64083333333	0	126
1176.91916666667	0	5
1178.91583333333	0	25
1180.26666666667	0	109
1181.06666666667	0	121
1183.43333333333	0	109
1183.58333333333	0	121
1186.30916666667	0	109
1188.70083333333	0	121
1188.80083333333	0	109
1191.15166666667	0	121
1193.92	0	3
1195.91833333333	0	23
1197.535	0	125
1197.71	0	105
1200.2775	0	125
1200.31916666667	0	105
1202.88583333333	0	125
1202.98583333333	0	105
1205.22833333333	0	125
1205.495	0	105
1208.31166666667	0	125
1210.9225	0	6
1212.92083333333	0	26
1214.6375	0	110
1215.12916666667	0	122
1217.09666666667	0	110
1217.55416666667	0	122
1219.42166666667	0	110
1219.96333333333	0	122
1221.705	0	110
1222.53	0	122
1224.43916666667	0	110
1224.9475	0	122
1227.925	0	4
1229.9225	0	24
1232.13166666667	0	106
1232.35666666667	0	126
1234.615	0	106
1237.24083333333	0	126
1239.5575	0	106
1239.59916666667	0	126
1241.64916666667	0	106
1244.92666666667	0	4
1246.925	0	24
1248.11666666667	0	106
1249.20833333333	0	126
1251.32583333333	0	106
1251.72583333333	0	126
1253.58416666667	0	106
1254.37583333333	0	126
1256.59333333333	0	106
1258.86	0	126
1258.99333333333	0	106
1261.92833333333	0	2
1263.9275	0	22
1265.76916666667	0	102
1265.83583333333	0	130
1268.49416666667	0	102
1268.7025	0	130
1270.96166666667	0	102
1271.33666666667	0	130
1273.345	0	102
1273.86166666667	0	130
1275.71166666667	0	102
1275.92916666667	0	130
1278.94	0	4
1280.9375	0	24
1282.12916666667	0	126
1283.13833333333	0	106
1284.33	0	126
1285.555	0	106
1287.76333333333	0	126
1287.805	0	106
1290.65583333333	0	126
1292.86416666667	0	106
1293.16416666667	0	126
1295.94	0	6
1297.94	0	26
1299.64833333333	0	110
1300.20666666667	0	122
1302.2825	0	110
1302.47416666667	0	122
1305.11583333333	0	110
1307.57416666667	0	122
1307.64916666667	0	110
1309.84166666667	0	122
1312.945	0	3
1314.94166666667	0	23
1316.75083333333	0	125
1317.25916666667	0	105
1319.70083333333	0	125
1322.16833333333	0	105
1322.36166666667	0	125
1324.37666666667	0	105
1324.56	0	125
1326.52666666667	0	105
1327.29333333333	0	125
1329.94583333333	0	8
1331.94416666667	0	28
1333.34416666667	0	118
1334.03583333333	0	114
1336.745	0	118
1336.895	0	114
1338.895	0	118
1339.095	0	114
1340.97833333333	0	118
1341.40416666667	0	114
1343.99583333333	0	118
1344.1375	0	114
1346.9475	0	2
1348.94666666667	0	22
1350.63833333333	0	102
1351.08	0	130
1353.54666666667	0	102
1353.83833333333	0	130
1355.6475	0	102
1356.15583333333	0	130
1358.60583333333	0	102
1361.19833333333	0	130
1363.95083333333	0	6
1365.94833333333	0	26
1367.82416666667	0	110
1368.32416666667	0	122
1369.84083333333	0	110
1370.8325	0	122
1372.44083333333	0	110
1373.09916666667	0	122
1374.475	0	110
1375.18333333333	0	122
1377.25	0	110
1378.25	0	122
1380.95083333333	0	2
1382.95083333333	0	22
1384.35916666667	0	130
1384.62583333333	0	102
1387.59333333333	0	130
1389.685	0	102
1390.05166666667	0	130
1392.535	0	102
1395.23583333333	0	130
1397.95416666667	0	6
1399.9525	0	26
1402.08666666667	0	110
1402.20333333333	0	122
1404.50333333333	0	110
1406.84583333333	0	122
1409.3625	0	110
1411.12083333333	0	122
1411.8875	0	110
1444.64416666667	0	1
1446.6425	0	21
1448.1775	0	129
1448.3175	0	101
1451.22583333333	0	129
1453.69333333333	0	101
1455.79333333333	0	129
1456.585	0	101
1458.8275	0	129
1458.99416666667	0	101
1461.655	0	5
1463.6525	0	25
1465.60333333333	0	109
1465.81166666667	0	121
1467.75333333333	0	109
1468.51166666667	0	121
1471.07	0	109
1473.07916666667	0	121
1473.10416666667	0	109
1475.22083333333	0	121
1476.0875	0	109
1478.65666666667	0	4
1480.655	0	24
1482.405	0	106
1482.77166666667	0	126
1484.46416666667	0	106
1485.00583333333	0	126
1487.8225	0	106
1489.90583333333	0	126
1489.96416666667	0	106
1492.78166666667	0	126
1492.92333333333	0	106
1495.65916666667	0	2
1497.65666666667	0	22
1499.09083333333	0	102
1499.1075	0	130
1501.74916666667	0	102
1504.02416666667	0	130
1504.16666666667	0	102
1507.175	0	130
1509.5175	0	102
1509.75916666667	0	130
1512.66166666667	0	7
1514.6675	0	27
1517.01833333333	0	113
1517.035	0	117
1519.185	0	113
1521.77666666667	0	117
1523.64333333333	0	113
1524.0025	0	117
1526.36916666667	0	113
1527.06083333333	0	117
1529.67083333333	0	4
1531.67166666667	0	24
1532.75333333333	0	126
1533.96166666667	0	106
1536.07083333333	0	126
1536.50416666667	0	106
1538.92083333333	0	126
1540.80416666667	0	106
1541.62083333333	0	126
1543.88833333333	0	106
1543.94666666667	0	126
1546.67416666667	0	8
1548.67166666667	0	28
1549.7975	0	118
1550.95583333333	0	114
1552.01416666667	0	118
1553.30583333333	0	114
1554.81416666667	0	118
1555.78916666667	0	114
1557.74833333333	0	118
1558.48166666667	0	114
1559.94	0	118
1560.615	0	114
1563.675	0	7
1565.67416666667	0	27
1566.89916666667	0	117
1567.51583333333	0	113
1570.33333333333	0	117
1572.95	0	113
1575.03333333333	0	117
1577.1925	0	113
1578.10916666667	0	117
1580.67833333333	0	6
1582.67583333333	0	26
1583.85166666667	0	122
1584.06	0	110
1587.635	0	122
1589.1275	0	110
1589.78583333333	0	122
1592.38583333333	0	110
1594.8525	0	122
1597.68083333333	0	1
1599.68666666667	0	21
1600.945	0	101
1602.1375	0	129
1603.2875	0	101
1604.27916666667	0	129
1605.3625	0	101
1606.5125	0	129
1609.46333333333	0	101
1611.555	0	129
1611.755	0	101
1614.69	0	8
1616.68916666667	0	28
1618.06416666667	0	114
1618.13083333333	0	118
1620.43083333333	0	114
1620.59	0	118
1623.14833333333	0	114
1623.49833333333	0	118
1626.015	0	114
1626.465	0	118
1628.04916666667	0	114
1628.52416666667	0	118
1631.6925	0	7
1633.69083333333	0	27
1634.725	0	117
1635.28333333333	0	113
1638.2	0	117
1640.98416666667	0	113
1643.43416666667	0	117
1645.9425	0	113
1645.98416666667	0	117
1648.69583333333	0	1
1650.70166666667	0	21
1652.06	0	101
1653.085	0	129
1655.01083333333	0	101
1655.53583333333	0	129
1657.3775	0	101
1658.1525	0	129
1660.17	0	101
1660.645	0	129
1663.16166666667	0	101
1665.70583333333	0	5
1667.70416666667	0	25
1669.6375	0	121
1670.02083333333	0	109
1672.5625	0	121
1674.405	0	109
1674.88	0	121
1677.62166666667	0	109
1679.33833333333	0	121
1680.16416666667	0	109
1682.7175	0	1
1684.71416666667	0	21
1685.78083333333	0	129
1685.82333333333	0	101
1688.38166666667	0	129
1688.49	0	101
1691.30666666667	0	129
1691.92333333333	0	101
1693.82416666667	0	129
1694.24083333333	0	101
1695.94083333333	0	129
1696.87416666667	0	101
1699.71833333333	0	3
1701.71666666667	0	23
1703.1	0	105
1704.15	0	125
1705.15083333333	0	105
1706.58416666667	0	125
1708.88416666667	0	105
1709.17583333333	0	125
1711.47583333333	0	105
1711.48416666667	0	125
1714.06833333333	0	105
1716.72	0	1
1718.71833333333	0	21
1719.99416666667	0	129
1720.19416666667	0	101
1722.7025	0	129
1724.97	0	101
1725.92833333333	0	129
1727.745	0	101
1728.36166666667	0	129
1730.10333333333	0	101
1730.61166666667	0	129
1733.7325	0	7
1735.72916666667	0	27
1736.92916666667	0	113
1737.505	0	117
1740.44666666667	0	113
1742.64666666667	0	117
1743.105	0	113
1744.71416666667	0	117
1745.5725	0	113
1746.98083333333	0	117
1748.03916666667	0	113
1750.73333333333	0	6
1752.73166666667	0	26
1753.90666666667	0	110
1754.19833333333	0	122
1756.69916666667	0	110
1760.17416666667	0	122
1762.06583333333	0	110
1762.56583333333	0	122
1764.34166666667	0	110
1764.64166666667	0	122
1767.735	0	2
1769.73333333333	0	22
1772.02583333333	0	102
1772.13416666667	0	130
1774.12583333333	0	102
1774.28416666667	0	130
1776.18416666667	0	102
1776.44333333333	0	130
1778.51833333333	0	102
1779.385	0	130
1782.185	0	102
1833.63583333333	0	3
1835.63416666667	0	23
1837.37666666667	0	125
1837.9925	0	105
1839.52583333333	0	125
1840.0675	0	105
1841.70083333333	0	125
1842.92583333333	0	105
1843.89333333333	0	125
1845.29333333333	0	105
1847.085	0	125
1847.82666666667	0	105
1850.63583333333	0	2
1852.63583333333	0	22
1854.1775	0	102
1854.36916666667	0	130
1857.33666666667	0	102
1859.05333333333	0	130
1859.67833333333	0	102
1861.095	0	130
1861.8125	0	102
1864.54583333333	0	130
1867.63833333333	0	3
1869.6375	0	23
1870.705	0	125
1871.13833333333	0	105
1873.67166666667	0	125
1876.9975	0	105
1879.3725	0	125
1881.88166666667	0	105
1882.09833333333	0	125
1884.65083333333	0	3
1886.65666666667	0	23
1888.84083333333	0	125
1888.97416666667	0	105
1891.46583333333	0	125
1893.85833333333	0	105
1896.38333333333	0	125
1898.25833333333	0	105
1898.625	0	125
1901.66	0	5
1903.65916666667	0	25
1904.68416666667	0	109
1905.75916666667	0	121
1908.285	0	109
1910.80166666667	0	121
1915.71916666667	0	109
1915.96916666667	0	121
1918.6625	0	6
1920.66083333333	0	26
1922.42833333333	0	122
1922.67	0	110
1925.48666666667	0	122
1927.60416666667	0	110
1930.2125	0	122
1930.22083333333	0	110
1932.84666666667	0	122
1932.99666666667	0	110
1935.66583333333	0	3
1937.67166666667	0	23
1938.83833333333	0	125
1938.93	0	105
1940.95583333333	0	125
1941.73916666667	0	105
1944.6225	0	125
1946.065	0	105
1946.69833333333	0	125
1948.69833333333	0	105
1948.87333333333	0	125
1952.67583333333	0	2
1954.67416666667	0	22
1956.19083333333	0	102
1956.7575	0	130
1958.34166666667	0	102
1959.10833333333	0	130
1962.13333333333	0	102
1963.81666666667	0	130
1964.34166666667	0	102
1967.10916666667	0	130
1969.67833333333	0	5
1971.68416666667	0	25
1973.62666666667	0	121
1973.735	0	109
1975.95166666667	0	121
1978.01833333333	0	109
1978.7275	0	121
1980.46916666667	0	109
1981.6275	0	121
1982.96916666667	0	109
1983.88583333333	0	121
1986.68833333333	0	1
1988.68666666667	0	21
1989.97	0	129
1990.62833333333	0	101
1992.80416666667	0	129
1992.90416666667	0	101
1995.67083333333	0	129
1998.51333333333	0	101
2001.01333333333	0	129
2003.69	0	6
2005.68916666667	0	26
2007.73083333333	0	122
2007.93916666667	0	110
2010.31416666667	0	122
2012.82333333333	0	110
2014.45666666667	0	122
2015.02333333333	0	110
2016.54	0	122
2018.14083333333	0	110
2020.69333333333	0	8
2022.69083333333	0	28
2023.96666666667	0	118
2024.74166666667	0	114
2027.09166666667	0	118
2029.1	0	114
2029.14166666667	0	118
2031.80916666667	0	114
2034.18416666667	0	118
2035.0425	0	114
2037.695	0	5
2039.69333333333	0	25
2041.06833333333	0	109
2041.25166666667	0	121
2043.99416666667	0	109
2045.8275	0	121
2047.06083333333	0	109
2047.84416666667	0	121
2049.3525	0	109
2050.845	0	121
2051.78666666667	0	109
2054.69666666667	0	4
2056.695	0	24
2058.24583333333	0	126
2058.87083333333	0	106
2060.64583333333	0	126
2061.0875	0	106
2063.88	0	126
2063.91333333333	0	106
2066.33833333333	0	126
2068.29666666667	0	106
2069.1225	0	126
2071.7	0	4
2073.70583333333	0	24
2074.93083333333	0	126
2075.28916666667	0	106
2078.19	0	126
2080.69833333333	0	106
2080.73166666667	0	126
2082.7825	0	106
2083.5825	0	126
2085.61583333333	0	106
2086.19083333333	0	126
2088.70916666667	0	4
2090.70833333333	0	24
2091.875	0	126
2092.825	0	106
2095.42583333333	0	126
2095.6175	0	106
2098.08416666667	0	126
2100.55083333333	0	106
2102.50166666667	0	126
2103.035	0	106
2105.71333333333	0	7
2107.71833333333	0	27
2109.81083333333	0	117
2109.9275	0	113
2111.84416666667	0	117
2112.2775	0	113
2114.0275	0	117
2114.78666666667	0	113
2116.27833333333	0	117
2117.695	0	113
2119.295	0	117
2120.00333333333	0	113
2122.7225	0	1
2124.72083333333	0	21
2126.52916666667	0	129
2126.97083333333	0	101
2129.205	0	129
2129.53	0	101
2131.42166666667	0	129
2131.79666666667	0	101
2134.45583333333	0	129
2136.80583333333	0	101
2139.72416666667	0	8
2141.72333333333	0	28
2144.04833333333	0	118
2144.14	0	114
2146.18166666667	0	118
2146.68166666667	0	114
2148.7575	0	118
2149.12416666667	0	114
2151.69083333333	0	118
2153.36666666667	0	114
2153.95833333333	0	118
2156.73583333333	0	5
2158.73333333333	0	25
2160.0425	0	121
2160.65083333333	0	109
2163.4925	0	121
2163.65083333333	0	109
2165.82583333333	0	121
2167.785	0	109
2168.41833333333	0	121
2170.29333333333	0	109
2171.21	0	121
2201.7	0	3
2203.69833333333	0	23
2205.04083333333	0	105
2205.38083333333	0	125
2207.73166666667	0	105
2210.215	0	125
2210.59	0	105
2212.8325	0	125
2212.99083333333	0	105
2215.6325	0	125
2218.7	0	7
2220.7	0	27
2222.425	0	113
2222.91666666667	0	117
2225.13333333333	0	113
2225.40916666667	0	117
2227.5175	0	113
2227.8675	0	117
2230.2175	0	113
2230.3175	0	117
2232.86	0	113
2235.70166666667	0	8
2237.70166666667	0	28
2239.81083333333	0	118
2239.88583333333	0	114
2242.61083333333	0	118
2244.0025	0	114
2244.65333333333	0	118
2246.15333333333	0	114
2246.95333333333	0	118
2249.42833333333	0	114
2249.71166666667	0	118
2252.72333333333	0	4
2254.72916666667	0	24
2256.2125	0	126
2256.94583333333	0	106
2259.22166666667	0	126
2259.43833333333	0	106
2261.755	0	126
2261.78	0	106
2264.1725	0	126
2266.40583333333	0	106
2266.98916666667	0	126
2269.7325	0	5
2271.73166666667	0	25
2272.94833333333	0	121
2273.00666666667	0	109
2276.55666666667	0	121
2278.7325	0	109
2278.7575	0	121
2281.4075	0	109
2284.16666666667	0	121
2286.735	0	3
2288.73333333333	0	23
2289.75333333333	0	125
2291.18416666667	0	105
2293.15083333333	0	125
2293.60916666667	0	105
2296.00916666667	0	125
2296.15916666667	0	105
2298.185	0	125
2298.32666666667	0	105
2301.06	0	125
2301.14333333333	0	105
2303.73833333333	0	7
2305.73583333333	0	27
2307.73583333333	0	113
2307.86083333333	0	117
2310.01166666667	0	113
2310.03666666667	0	117
2312.745	0	113
2312.77	0	117
2315.67083333333	0	113
2317.72083333333	0	117
2318.05416666667	0	113
2320.74	0	7
2322.7375	0	27
2323.92166666667	0	117
2324.51333333333	0	113
2327.13	0	117
2327.31333333333	0	113
2330.01416666667	0	117
2330.03083333333	0	113
2332.3725	0	117
2334.5225	0	113
2335.07333333333	0	117
2337.75083333333	0	4
2339.74833333333	0	24
2341.28166666667	0	126
2342.06583333333	0	106
2343.76583333333	0	126
2344.37416666667	0	106
2346.37416666667	0	126
2346.7825	0	106
2348.5075	0	126
2349.09166666667	0	106
2350.66666666667	0	126
2351.5	0	106
2354.75166666667	0	6
2356.75083333333	0	26
2357.9675	0	122
2359.18416666667	0	110
2361.1175	0	122
2361.33416666667	0	110
2363.61	0	122
2364.11	0	110
2365.75166666667	0	122
2366.635	0	110
2368.3275	0	122
2368.88583333333	0	110
2371.75416666667	0	1
2373.7525	0	21
2374.85333333333	0	101
2375.495	0	129
2376.87	0	101
2377.995	0	129
2378.97	0	101
2381.12916666667	0	129
2381.89583333333	0	101
2383.4375	0	129
2383.99583333333	0	101
2385.60416666667	0	129
2388.7575	0	6
2390.755	0	26
2392.53833333333	0	110
2392.87166666667	0	122
2395.26416666667	0	110
2395.38916666667	0	122
2397.3975	0	110
2397.68916666667	0	122
2400.50583333333	0	110
2402.265	0	122
2402.55666666667	0	110
2405.75916666667	0	2
2407.75666666667	0	22
2409.71583333333	0	130
2412.57416666667	0	102
2414.625	0	130
2414.675	0	102
2416.95833333333	0	130
2417.7	0	102
2419.99166666667	0	130
2420.1925	0	102
2422.76083333333	0	1
2424.75916666667	0	21
2426.0175	0	101
2426.63416666667	0	129
2428.77666666667	0	101
2431.45166666667	0	129
2434.44416666667	0	101
2436.31916666667	0	129
2436.59416666667	0	101
2439.76416666667	0	2
2441.76166666667	0	22
2443.72	0	102
2443.75333333333	0	130
2445.93666666667	0	102
2446.69583333333	0	130
2448.3375	0	102
2449.0625	0	130
2450.9375	0	102
2451.15416666667	0	130
2453.12916666667	0	102
2453.39666666667	0	130
2456.765	0	3
2458.76333333333	0	23
2460.6725	0	125
2460.9725	0	105
2462.8225	0	125
2463.63916666667	0	105
2464.83916666667	0	125
2465.85666666667	0	105
2467.97333333333	0	125
2468.43166666667	0	105
2470.865	0	125
2471.18166666667	0	105
2473.76833333333	0	8
2475.76583333333	0	28
2477.0325	0	114
2477.62416666667	0	118
2480.35833333333	0	114
2482.99166666667	0	118
2483.19166666667	0	114
2485.52583333333	0	118
2487.80916666667	0	114
2487.95916666667	0	118
2490.76916666667	0	2
2492.7675	0	22
2493.84333333333	0	102
2495.19333333333	0	130
2496.81	0	102
2497.21833333333	0	130
2499.98583333333	0	102
2501.9525	0	130
2502.5775	0	102
2504.0025	0	130
2505.07	0	102
2507.77166666667	0	3
2509.77	0	23
2511.12833333333	0	125
2511.32	0	105
2514.19583333333	0	125
2516.92916666667	0	105
2518.755	0	125
2519.62166666667	0	105
2521.53	0	125
2521.755	0	105
2524.775	0	3
2526.7725	0	23
2528.01416666667	0	105
2528.96416666667	0	125
2531.015	0	105
2531.08916666667	0	125
2533.09	0	105
2533.64833333333	0	125
2535.18166666667	0	105
2536.63166666667	0	125
2539.24083333333	0	105
2570.05583333333	0	4
2572.05333333333	0	24
2573.49666666667	0	106
2574.35333333333	0	126
2575.795	0	106
2576.41166666667	0	126
2578.6375	0	106
2578.77916666667	0	126
2580.64583333333	0	106
2580.82083333333	0	126
2583.39583333333	0	106
2584.255	0	126
2587.055	0	6
2589.055	0	26
2590.58833333333	0	110
2591.28916666667	0	122
2593.88083333333	0	110
2596.39	0	122
2596.51416666667	0	110
2598.49833333333	0	122
2598.54833333333	0	110
2600.94833333333	0	122
2601.38166666667	0	110
2604.0575	0	6
2606.0575	0	26
2607.12416666667	0	122
2607.87416666667	0	110
2609.4325	0	122
2610.95	0	110
2612.70833333333	0	122
2613.19166666667	0	110
2615.55833333333	0	122
2615.8175	0	110
2618.2925	0	122
2621.0625	0	5
2623.06	0	25
2625.16	0	121
2625.36	0	109
2627.50166666667	0	121
2627.92666666667	0	109
2629.6275	0	121
2630.2525	0	109
2632.98583333333	0	121
2635.46166666667	0	109
2638.06333333333	0	1
2640.06166666667	0	21
2642.12833333333	0	129
2642.3125	0	101
2644.69583333333	0	129
2646.5125	0	101
2646.75416666667	0	129
2649.14666666667	0	101
2649.93833333333	0	129
2651.16333333333	0	101
2652.17166666667	0	129
2655.065	0	3
2657.06416666667	0	23
2658.33916666667	0	105
2658.36416666667	0	125
2661.68166666667	0	105
2662.63166666667	0	125
2664.17333333333	0	105
2665.40666666667	0	125
2666.97333333333	0	105
2668.57416666667	0	125
2669.46583333333	0	105
2672.06916666667	0	2
2674.07416666667	0	22
2676.38333333333	0	130
2676.51666666667	0	102
2679.00833333333	0	130
2680.89166666667	0	102
2681.40916666667	0	130
2683.10916666667	0	102
2683.65916666667	0	130
2686.05083333333	0	102
2689.07833333333	0	2
2691.07666666667	0	22
2692.12833333333	0	130
2692.17666666667	0	102
2694.51083333333	0	130
2695.34416666667	0	102
2696.76083333333	0	130
2698.26083333333	0	102
2698.99416666667	0	130
2700.37833333333	0	102
2702.77	0	130
2706.09	0	4
2708.09583333333	0	24
2709.4875	0	126
2710.10416666667	0	106
2711.8375	0	126
2712.19583333333	0	106
2714.12166666667	0	126
2715.24666666667	0	106
2717.56333333333	0	126
2717.68833333333	0	106
2720.56416666667	0	126
2723.09916666667	0	2
2725.0975	0	22
2726.44833333333	0	102
2726.82333333333	0	130
2729.28166666667	0	102
2729.665	0	130
2732.32333333333	0	102
2735.01583333333	0	130
2737.1325	0	102
2737.44916666667	0	130
2740.10166666667	0	7
2742.1	0	27
2743.95	0	117
2744.46666666667	0	113
2747.05916666667	0	117
2749.50083333333	0	113
2749.53416666667	0	117
2752.05083333333	0	113
2754.15166666667	0	117
2754.29333333333	0	113
2757.10416666667	0	4
2759.10166666667	0	24
2760.7275	0	126
2761.0775	0	106
2762.98583333333	0	126
2763.33583333333	0	106
2766.145	0	126
2768.42833333333	0	106
2768.57833333333	0	126
2770.52833333333	0	106
2770.795	0	126
2774.10416666667	0	4
2776.10416666667	0	24
2777.25416666667	0	126
2778.2125	0	106
2779.49666666667	0	126
2780.56333333333	0	106
2781.89666666667	0	126
2783.06333333333	0	106
2784.755	0	126
2785.23916666667	0	106
2788.36416666667	0	126
2791.1075	0	4
2793.10666666667	0	24
2794.94	0	106
2795.25666666667	0	126
2797.72333333333	0	106
2799.6075	0	126
2800.34083333333	0	106
2802.1075	0	126
2802.94083333333	0	106
2804.22416666667	0	126
2805.275	0	106
2808.11916666667	0	6
2810.125	0	26
2811.50916666667	0	110
2812.0175	0	122
2814.0425	0	110
2814.35916666667	0	122
2816.4175	0	110
2816.8175	0	122
2819.985	0	110
2822.31	0	122
2822.36833333333	0	110
2825.12833333333	0	5
2827.1275	0	25
2828.4775	0	121
2829.06916666667	0	109
2830.82	0	121
2831.70333333333	0	109
2833.56166666667	0	121
2834.51166666667	0	109
2836.10333333333	0	121
2837.095	0	109
2838.90416666667	0	121
2839.54583333333	0	109
2842.1325	0	8
2844.12916666667	0	28
2845.18833333333	0	118
2846.43	0	114
2848.83	0	118
2850.7475	0	114
2851.0475	0	118
2853.16416666667	0	114
2854.05583333333	0	118
2855.3225	0	114
2856.07333333333	0	118
2859.13333333333	0	5
2861.13166666667	0	25
2862.99833333333	0	121
2863.37333333333	0	109
2865.9825	0	121
2866.0575	0	109
2868.0825	0	121
2868.56583333333	0	109
2870.40833333333	0	121
2870.71666666667	0	109
2872.525	0	121
2873.16666666667	0	109
2876.13583333333	0	2
2878.13416666667	0	22
2879.85916666667	0	102
2880.30083333333	0	130
2882.07583333333	0	102
2882.33416666667	0	130
2884.11	0	102
2885.56833333333	0	130
2886.15166666667	0	102
2887.66	0	130
2888.55166666667	0	102
2889.71083333333	0	130
2893.14666666667	0	3
2895.14416666667	0	23
2896.2775	0	125
2896.845	0	105
2898.295	0	125
2899.92	0	105
2900.345	0	125
2901.97833333333	0	105
2904.7625	0	125
2904.97916666667	0	105
2906.7875	0	125
2907.34583333333	0	105
